device,n,signal,correct,rms_err_lsb,max_err_lsb,sqnr_db,peaks_ok,fft_cycles_min,fft_cycles_avg,bitrev_cycles,cpu_mhz
esp32s3-simd,256,impulse,True,0.7043,0.996,42.18,,3419,3422,6429,240
esp32s3-simd,256,dc,True,0.7071,16.0,60.21,True,3419,3419,6429,240
esp32s3-simd,256,tone_on_bin,True,1.0261,7.055,53.96,True,3419,3473,6429,240
esp32s3-simd,256,tone_off_bin,True,1.9265,8.0,48.49,,3419,3419,6429,240
esp32s3-simd,256,two_tones,True,1.0633,6.975,47.89,True,3419,3426,6429,240
esp32s3-simd,256,noise,True,1.763,9.02,53.41,,3419,3426,6429,240
esp32s3-simd,256,full_scale,True,0.531,5.058,68.71,,3419,3419,6429,240
esp32s3-simd,256,complex_tone,True,1.0305,7.0,56.93,True,3419,3473,6429,240
esp32s3-simd,256,overload,,423.6749,8951.146,13.69,,3419,3419,6429,240
esp32s3-simd,512,impulse,True,0.7057,0.998,36.14,,7301,7356,12924,240
esp32s3-simd,512,dc,True,0.5625,18.0,59.18,True,7301,7303,14004,240
esp32s3-simd,512,tone_on_bin,True,1.0112,8.039,51.08,True,7301,7355,12924,240
esp32s3-simd,512,tone_off_bin,True,1.991,10.0,45.19,,7301,7301,12924,240
esp32s3-simd,512,two_tones,True,1.0657,7.998,44.86,True,7301,7301,12924,240
esp32s3-simd,512,noise,True,1.8084,8.852,50.25,,7301,7357,12924,240
esp32s3-simd,512,full_scale,True,0.5198,6.363,65.89,,7301,7356,12924,240
esp32s3-simd,512,complex_tone,True,1.0262,8.024,53.96,True,7301,7302,12924,240
esp32s3-simd,512,overload,,300.1246,8952.717,13.67,,7301,7356,12924,240
esp32s3-simd,1024,impulse,True,0.7064,0.999,30.11,,15631,15740,25971,240
esp32s3-simd,1024,dc,True,0.4419,20.0,58.27,True,15631,15687,27051,240
esp32s3-simd,1024,tone_on_bin,True,0.9811,10.029,48.33,True,15631,15740,25971,240
esp32s3-simd,1024,tone_off_bin,True,2.0026,11.0,42.13,,15631,15686,25971,240
esp32s3-simd,1024,two_tones,True,1.0028,10.003,42.38,True,15631,15741,25971,240
esp32s3-simd,1024,noise,True,1.821,10.087,47.2,,15631,15687,25971,240
esp32s3-simd,1024,full_scale,True,0.5068,6.931,63.1,,15631,15742,25971,240
esp32s3-simd,1024,complex_tone,True,1.0384,9.005,50.85,True,15631,15687,25971,240
esp32s3-simd,1024,overload,,212.4273,8953.109,13.66,,15631,15741,25971,240
esp32s3-simd,2048,impulse,True,0.7068,1.0,24.09,,33433,33610,52026,240
esp32s3-simd,2048,dc,True,0.3438,22.0,57.44,True,33433,33600,53106,240
esp32s3-simd,2048,tone_on_bin,True,0.9851,11.019,45.29,True,33433,33546,53106,240
esp32s3-simd,2048,tone_off_bin,True,1.991,12.0,39.17,,33433,33601,53104,240
esp32s3-simd,2048,two_tones,True,1.0105,11.009,39.31,True,33433,33610,52172,240
esp32s3-simd,2048,noise,True,1.8172,12.652,44.29,,33433,33549,52026,240
esp32s3-simd,2048,full_scale,True,0.5071,7.073,60.08,,33433,33666,52026,240
esp32s3-simd,2048,complex_tone,True,1.01,10.016,48.08,True,33433,33547,52026,240
esp32s3-simd,2048,overload,,150.2193,8953.207,13.66,,33433,33546,53106,240
esp32s3-simd,4096,impulse,True,0.7069,1.0,18.06,,71331,71637,105322,240
esp32s3-simd,4096,dc,True,0.2652,24.0,56.68,True,71331,71676,104377,240
esp32s3-simd,4096,tone_on_bin,True,0.9845,12.021,42.28,True,71331,71667,105321,240
esp32s3-simd,4096,tone_off_bin,True,1.9851,12.0,36.19,,71331,71687,104385,240
esp32s3-simd,4096,two_tones,True,1.0142,12.003,36.26,True,71331,71667,105322,240
esp32s3-simd,4096,noise,True,1.8375,12.489,41.14,,71331,71724,104391,240
esp32s3-simd,4096,full_scale,True,0.5149,7.996,56.94,,71331,71719,104241,240
esp32s3-simd,4096,complex_tone,True,1.007,11.0,45.09,True,71331,71681,105314,240
esp32s3-simd,4096,overload,,106.221,8953.232,13.66,,71331,71722,104241,240
