n,signal,sqnr_db,max_err_lsb,rms_err_lsb,peaks_ok,overflows,noise_floor_lsb
256,impulse,90.31,0.004,0.0028,,0,0.3985
256,dc,inf,0.0,0.0,True,0,0.3985
256,tone_on_bin,65.25,1.053,0.2798,True,0,0.3985
256,tone_off_bin,64.8,1.16,0.2947,,0,0.3985
256,two_tones,85.87,0.083,0.0134,True,0,0.3985
256,noise,66.33,1.064,0.3985,,0,0.3985
256,full_scale,86.94,0.581,0.0652,,0,0.3985
256,complex_tone,92.58,0.11,0.017,True,0,0.3985
256,overload,-3.01,59300.146,2896.3106,,32,0.3985
512,impulse,90.31,0.002,0.0014,,0,0.4341
512,dc,inf,0.0,0.0,True,0,0.4341
512,tone_on_bin,62.24,1.035,0.2796,True,0,0.4341
512,tone_off_bin,60.95,1.085,0.3244,,0,0.4341
512,two_tones,86.27,0.051,0.0091,True,0,0.4341
512,noise,62.64,1.127,0.4341,,0,0.4341
512,full_scale,84.95,0.611,0.0579,,0,0.4341
512,complex_tone,92.57,0.079,0.012,True,0,0.4341
512,overload,-3.01,59152.717,2048.0257,,64,0.4341
1024,impulse,90.31,0.001,0.0007,,0,0.4275
1024,dc,inf,0.0,0.0,True,0,0.4275
1024,tone_on_bin,59.23,1.027,0.2796,True,0,0.4275
1024,tone_off_bin,58.1,1.345,0.3185,,0,0.4275
1024,two_tones,86.49,0.036,0.0063,True,0,0.4275
1024,noise,59.79,1.282,0.4275,,0,0.4275
1024,full_scale,81.19,0.926,0.0631,,0,0.4275
1024,complex_tone,92.33,0.076,0.0088,True,0,0.4275
1024,overload,-3.01,59078.109,1448.1669,,128,0.4275
