device,n,signal,correct,rms_err_lsb,max_err_lsb,sqnr_db,peaks_ok,fft_cycles,clk_mhz,round_trip_us
gowin-fft-20k,1024,impulse,True,0.0007,0.001,90.31,,7190,27,82700
gowin-fft-20k,1024,dc,True,0.0,0.0,inf,True,7190,27,82692
gowin-fft-20k,1024,tone_on_bin,True,2.3299,10.032,40.82,True,7190,27,82693
gowin-fft-20k,1024,tone_off_bin,True,2.0545,8.181,41.91,,7190,27,82698
gowin-fft-20k,1024,two_tones,True,1.7991,11.982,37.31,True,7190,27,82694
gowin-fft-20k,1024,noise,True,2.1835,7.568,45.63,,7190,27,82695
gowin-fft-20k,1024,full_scale,False,1023.778,32767.0,-3.01,,7190,27,82696
gowin-fft-20k,1024,complex_tone,True,1.8658,10.005,45.76,True,7190,27,82691
gowin-fft-20k,1024,overload,,1442.7771,41095.109,-2.98,,7190,27,82693
