device,n,signal,correct,rms_err_lsb,max_err_lsb,total_cycles,sod,eod,busy_rise,busy_fall,soud,eoud,bins_differing_from_board
gowin-fft-sim-icarus,1024,impulse,True,0.0007,0.001,7190,1,1024,1025,6165,6166,7189,
gowin-fft-sim-icarus,1024,dc,True,0.0,0.0,7190,1,1024,1025,6165,6166,7189,
gowin-fft-sim-icarus,1024,tone_on_bin,True,2.3299,10.032,7190,1,1024,1025,6165,6166,7189,
gowin-fft-sim-icarus,1024,tone_off_bin,True,2.0545,8.181,7190,1,1024,1025,6165,6166,7189,
gowin-fft-sim-icarus,1024,two_tones,True,1.7991,11.982,7190,1,1024,1025,6165,6166,7189,
gowin-fft-sim-icarus,1024,noise,True,2.1835,7.568,7190,1,1024,1025,6165,6166,7189,
gowin-fft-sim-icarus,1024,full_scale,False,1023.778,32767.0,7190,1,1024,1025,6165,6166,7189,
gowin-fft-sim-icarus,1024,complex_tone,True,1.8658,10.005,7190,1,1024,1025,6165,6166,7189,
gowin-fft-sim-icarus,1024,overload,,1442.7771,41095.109,7190,1,1024,1025,6165,6166,7189,
